[
{
  "model": "webapp.counter",
  "pk": 1,
  "fields": {
    "counter": 372
  }
},
{
  "model": "webapp.typechoice",
  "pk": 1,
  "fields": {
    "types": "bug"
  }
},
{
  "model": "webapp.typechoice",
  "pk": 2,
  "fields": {
    "types": "task"
  }
},
{
  "model": "webapp.typechoice",
  "pk": 3,
  "fields": {
    "types": "enhancement"
  }
},
{
  "model": "webapp.typechoice",
  "pk": 4,
  "fields": {
    "types": "new1"
  }
},
{
  "model": "webapp.typechoice",
  "pk": 5,
  "fields": {
    "types": "added+"
  }
},
{
  "model": "webapp.statuschoice",
  "pk": 1,
  "fields": {
    "statuses": "done1"
  }
},
{
  "model": "webapp.statuschoice",
  "pk": 2,
  "fields": {
    "statuses": "in_progress"
  }
},
{
  "model": "webapp.statuschoice",
  "pk": 3,
  "fields": {
    "statuses": "done1"
  }
},
{
  "model": "webapp.statuschoice",
  "pk": 5,
  "fields": {
    "statuses": "added status"
  }
},
{
  "model": "webapp.project",
  "pk": 1,
  "fields": {
    "name": "\u041d\u043e\u0432\u044b\u0439 \u043f\u0440\u043e\u0435\u043a\u0442",
    "description": "\u043d\u043e\u0432\u044b\u0439 \u043f\u0440\u043e\u0435\u043a\u0442",
    "created_at": "2019-10-09T19:06:42.491Z",
    "updated_at": "2019-10-09T19:06:42.491Z",
    "status": "active"
  }
},
{
  "model": "webapp.project",
  "pk": 2,
  "fields": {
    "name": "\u0415\u0449\u0435 \u043e\u0434\u0438\u043d \u043f\u0440\u043e\u0435\u043a\u0442",
    "description": "\u044d\u0442\u043e\u0442 \u043f\u0440\u043e\u0435\u043a\u0442 \u0434\u0440\u0443\u0433\u043e\u0439",
    "created_at": "2019-10-09T19:12:36.956Z",
    "updated_at": "2019-10-09T19:12:36.956Z",
    "status": "active"
  }
},
{
  "model": "webapp.project",
  "pk": 3,
  "fields": {
    "name": "New Project1",
    "description": "121",
    "created_at": "2019-10-09T20:01:52.359Z",
    "updated_at": "2019-10-09T20:01:52.359Z",
    "status": "active"
  }
},
{
  "model": "webapp.project",
  "pk": 6,
  "fields": {
    "name": "New Project Must be deleted",
    "description": "This project must be deleted with Todos",
    "created_at": "2019-10-09T21:24:16.322Z",
    "updated_at": "2019-10-09T21:24:16.322Z",
    "status": "active"
  }
},
{
  "model": "webapp.project",
  "pk": 7,
  "fields": {
    "name": "Hello World",
    "description": "",
    "created_at": "2019-10-09T21:55:39.089Z",
    "updated_at": "2019-10-09T21:55:39.090Z",
    "status": "active"
  }
},
{
  "model": "webapp.project",
  "pk": 8,
  "fields": {
    "name": "new",
    "description": "new project for search",
    "created_at": "2019-10-14T11:56:05.458Z",
    "updated_at": "2019-10-14T11:56:05.458Z",
    "status": "active"
  }
},
{
  "model": "webapp.project",
  "pk": 9,
  "fields": {
    "name": "name",
    "description": "",
    "created_at": "2019-10-14T11:58:43.741Z",
    "updated_at": "2019-10-14T11:58:43.741Z",
    "status": "active"
  }
},
{
  "model": "webapp.project",
  "pk": 10,
  "fields": {
    "name": "Closed project",
    "description": "closed project description",
    "created_at": "2019-10-14T12:32:27.198Z",
    "updated_at": "2019-10-14T12:32:27.198Z",
    "status": "active"
  }
},
{
  "model": "webapp.todo",
  "pk": 1,
  "fields": {
    "summary": "\u0417\u0430\u043c\u0443\u0442\u0438\u0442\u044c \u0434\u043e\u043c\u0430\u0448\u043a\u0443",
    "description": "\u0441\u043e\u0437\u0434\u0430\u0442\u044c \u043c\u043e\u0434\u0435\u043b\u0438 1",
    "status": 1,
    "type": 2,
    "date": "2019-09-25T10:35:42.985Z",
    "updated_at": "2019-10-14T11:28:27.587Z",
    "project": 2
  }
},
{
  "model": "webapp.todo",
  "pk": 2,
  "fields": {
    "summary": "\u0423\u0434\u0430\u043b\u0438\u0442\u044c \u0417\u0430\u0434\u0430\u0447\u0443 \u0441 \u0441\u0442\u0430\u0442\u0443\u0441\u043e\u043c",
    "description": "",
    "status": 1,
    "type": 1,
    "date": "2019-09-25T10:48:43.181Z",
    "updated_at": "2019-10-14T11:28:27.587Z",
    "project": null
  }
},
{
  "model": "webapp.todo",
  "pk": 3,
  "fields": {
    "summary": "\u0423\u0434\u0430\u043b\u0438\u0442\u044c \u0437\u0430\u0434\u0430\u0447\u0443 \u0411\u0415\u0417 \u0421\u0422\u0410\u0422\u0423\u0421\u0410",
    "description": "",
    "status": 1,
    "type": 2,
    "date": "2019-09-25T10:49:01.356Z",
    "updated_at": "2019-10-14T11:28:27.587Z",
    "project": null
  }
},
{
  "model": "webapp.todo",
  "pk": 4,
  "fields": {
    "summary": "My first Todo",
    "description": "must be deleted",
    "status": 1,
    "type": 1,
    "date": "2019-09-25T15:21:24.470Z",
    "updated_at": "2019-10-14T11:28:27.587Z",
    "project": 1
  }
},
{
  "model": "webapp.todo",
  "pk": 5,
  "fields": {
    "summary": "\u0417\u0430\u0435\u0431\u0430\u043b\u0441\u044f",
    "description": "\u0423\u0434\u0430\u043b\u0438\u0442\u044c \u0437\u0430\u0435\u0431\u0430\u043b\u043e \u0432\u0441\u0435",
    "status": 1,
    "type": 2,
    "date": "2019-09-25T15:21:58.344Z",
    "updated_at": "2019-08-14T11:28:27.587Z",
    "project": 1
  }
},
{
  "model": "webapp.todo",
  "pk": 6,
  "fields": {
    "summary": "\u0417\u0430\u0434\u0430\u0447\u0430 \u0434\u043b\u044f \u0432\u0442\u043e\u0440\u043e\u0433\u043e \u043f\u0440\u043e\u0435\u043a\u0442\u0430",
    "description": "\u042d\u0442\u0430 \u0437\u0430\u0434\u0430\u0447\u0430 \u0434\u043b\u044f \u0434\u0440\u0443\u0433\u043e\u0433\u043e \u043f\u0440\u043e\u0435\u043a\u0442\u0430",
    "status": 1,
    "type": 1,
    "date": "2019-10-09T19:13:11.279Z",
    "updated_at": "2019-08-14T11:28:27.587Z",
    "project": 2
  }
},
{
  "model": "webapp.todo",
  "pk": 7,
  "fields": {
    "summary": "ME",
    "description": "knmrke",
    "status": 1,
    "type": 2,
    "date": "2019-10-09T19:59:20.441Z",
    "updated_at": "2019-09-14T11:28:27.587Z",
    "project": null
  }
},
{
  "model": "webapp.todo",
  "pk": 8,
  "fields": {
    "summary": "New",
    "description": "",
    "status": 1,
    "type": 1,
    "date": "2019-10-09T20:03:12.489Z",
    "updated_at": "2019-07-14T11:28:27.587Z",
    "project": 1
  }
},
{
  "model": "webapp.todo",
  "pk": 9,
  "fields": {
    "summary": "My new Todo",
    "description": "For this project",
    "status": 1,
    "type": 2,
    "date": "2019-10-09T21:12:29.715Z",
    "updated_at": "2019-10-14T11:28:27.587Z",
    "project": 3
  }
},
{
  "model": "webapp.todo",
  "pk": 10,
  "fields": {
    "summary": "New Todo For my first project",
    "description": "This is another todo",
    "status": 1,
    "type": 1,
    "date": "2019-10-09T21:15:23.053Z",
    "updated_at": "2019-10-14T11:28:27.587Z",
    "project": 3
  }
},
{
  "model": "webapp.todo",
  "pk": 11,
  "fields": {
    "summary": "Delete project with me",
    "description": "try to delete with me",
    "status": 1,
    "type": 1,
    "date": "2019-10-09T21:24:41.359Z",
    "updated_at": "2019-10-14T11:28:27.587Z",
    "project": 6
  }
},
{
  "model": "webapp.todo",
  "pk": 13,
  "fields": {
    "summary": "new 2",
    "description": "feavae",
    "status": 2,
    "type": 2,
    "date": "2019-10-09T21:41:46.160Z",
    "updated_at": "2019-10-14T11:28:27.587Z",
    "project": 6
  }
},
{
  "model": "webapp.todo",
  "pk": 14,
  "fields": {
    "summary": "My New Todo TODO",
    "description": "TODO",
    "status": 1,
    "type": 2,
    "date": "2019-10-09T21:42:18.906Z",
    "updated_at": "2019-10-14T11:28:27.587Z",
    "project": 6
  }
},
{
  "model": "webapp.todo",
  "pk": 15,
  "fields": {
    "summary": "\u041d\u043e\u0432\u0430\u044f \u0437\u0430\u0434\u0430\u0447\u0430",
    "description": "",
    "status": 1,
    "type": 2,
    "date": "2019-10-10T10:16:48.710Z",
    "updated_at": "2019-10-14T11:33:34.869Z",
    "project": 7
  }
},
{
  "model": "webapp.todo",
  "pk": 16,
  "fields": {
    "summary": "New Task with type",
    "description": "for search",
    "status": 5,
    "type": 1,
    "date": "2019-10-14T11:54:08.629Z",
    "updated_at": "2019-10-14T11:54:08.630Z",
    "project": 7
  }
},
{
  "model": "webapp.todo",
  "pk": 17,
  "fields": {
    "summary": "name",
    "description": "name",
    "status": 2,
    "type": 2,
    "date": "2019-10-14T11:58:57.928Z",
    "updated_at": "2019-10-14T11:58:57.928Z",
    "project": 9
  }
},
{
  "model": "webapp.todo",
  "pk": 18,
  "fields": {
    "summary": "new Task with type",
    "description": "fida",
    "status": 2,
    "type": 1,
    "date": "2019-10-14T12:28:35.489Z",
    "updated_at": "2019-10-14T12:28:35.489Z",
    "project": 9
  }
},
{
  "model": "webapp.todo",
  "pk": 19,
  "fields": {
    "summary": "New task with type",
    "description": "closed",
    "status": 1,
    "type": 1,
    "date": "2019-10-14T12:32:46.347Z",
    "updated_at": "2019-10-14T12:32:46.347Z",
    "project": 10
  }
},
{
  "model": "webapp.todo",
  "pk": 20,
  "fields": {
    "summary": "new task closed",
    "description": "closed task",
    "status": 1,
    "type": 1,
    "date": "2019-10-14T12:33:02.343Z",
    "updated_at": "2019-10-14T12:33:02.343Z",
    "project": 10
  }
},
{
  "model": "webapp.todo",
  "pk": 21,
  "fields": {
    "summary": "Done Task",
    "description": "Done",
    "status": 1,
    "type": 1,
    "date": "2019-10-14T12:33:17.696Z",
    "updated_at": "2019-10-28T10:23:50.043Z",
    "project": 10
  }
},
{
  "model": "auth.user",
  "pk": 1,
  "fields": {
    "password": "pbkdf2_sha256$150000$Ngr6HswfcZfF$FRgdsKu5ckWt27sKKFDq7TKwu/404446DXaYknaBQ7M=",
    "last_login": "2019-10-28T10:23:45.827Z",
    "is_superuser": true,
    "username": "admin",
    "first_name": "",
    "last_name": "",
    "email": "",
    "is_staff": true,
    "is_active": true,
    "date_joined": "2019-10-09T19:05:43.290Z",
    "groups": [],
    "user_permissions": []
  }
},
{
  "model": "auth.user",
  "pk": 2,
  "fields": {
    "password": "pbkdf2_sha256$150000$YPb9MGSAzJFc$z5FHaV51ZnNA+MDX6H2NY1u33pcpxvPq3pvNSz5YFuA=",
    "last_login": null,
    "is_superuser": false,
    "username": "user",
    "first_name": "",
    "last_name": "",
    "email": "user@mail.ru",
    "is_staff": false,
    "is_active": false,
    "date_joined": "2019-10-28T08:52:59.531Z",
    "groups": [],
    "user_permissions": []
  }
},
{
  "model": "auth.user",
  "pk": 3,
  "fields": {
    "password": "pbkdf2_sha256$150000$ylzAUR1zu0Wo$QNmwmNVW0eecyTc6FLax4lCifD2otSnYgBUJWZABSbk=",
    "last_login": null,
    "is_superuser": false,
    "username": "user1",
    "first_name": "",
    "last_name": "",
    "email": "user1@mail.ru",
    "is_staff": false,
    "is_active": false,
    "date_joined": "2019-10-28T09:24:31.137Z",
    "groups": [],
    "user_permissions": []
  }
},
{
  "model": "auth.user",
  "pk": 4,
  "fields": {
    "password": "pbkdf2_sha256$150000$acQ6KyttOixK$T8cEq6LaqqPTqwl8A+P30EPtL5OqljryxN42NEQOA30=",
    "last_login": null,
    "is_superuser": false,
    "username": "user2",
    "first_name": "",
    "last_name": "",
    "email": "user2@mail.ru",
    "is_staff": false,
    "is_active": false,
    "date_joined": "2019-10-28T09:27:20.822Z",
    "groups": [],
    "user_permissions": []
  }
},
{
  "model": "auth.user",
  "pk": 5,
  "fields": {
    "password": "pbkdf2_sha256$150000$fvPY1z7gujzu$AAiprlicMVED1mo20hxjHNrrv+cNBy0ZnqoBQWjmimE=",
    "last_login": null,
    "is_superuser": false,
    "username": "user3",
    "first_name": "",
    "last_name": "",
    "email": "user3@mail.ru",
    "is_staff": false,
    "is_active": false,
    "date_joined": "2019-10-28T09:33:11.476Z",
    "groups": [],
    "user_permissions": []
  }
},
{
  "model": "auth.user",
  "pk": 6,
  "fields": {
    "password": "pbkdf2_sha256$150000$9f9zrNygEUO5$sFfYyoFQS44E3/EJ/ISY+y+/moS4ehMJ6o4KuB/I2EI=",
    "last_login": null,
    "is_superuser": false,
    "username": "user4",
    "first_name": "",
    "last_name": "",
    "email": "user4@mail.ru",
    "is_staff": false,
    "is_active": false,
    "date_joined": "2019-10-28T09:39:35.611Z",
    "groups": [],
    "user_permissions": []
  }
},
{
  "model": "auth.user",
  "pk": 7,
  "fields": {
    "password": "pbkdf2_sha256$150000$WwHHi0LJIAxA$sBXXB6vuSKYbGFt7z+VKx1krspAjEX9hjBFWZgl8rs8=",
    "last_login": null,
    "is_superuser": false,
    "username": "user5",
    "first_name": "",
    "last_name": "",
    "email": "user5@mail.ru",
    "is_staff": false,
    "is_active": false,
    "date_joined": "2019-10-28T09:40:33.251Z",
    "groups": [],
    "user_permissions": []
  }
},
{
  "model": "auth.user",
  "pk": 8,
  "fields": {
    "password": "pbkdf2_sha256$150000$hRXn5Zmr18CQ$TrfWlBh/npSQvM3dwea/+KWX4uBatq2G3ZPMHJgVi0g=",
    "last_login": null,
    "is_superuser": false,
    "username": "user6",
    "first_name": "",
    "last_name": "",
    "email": "user6@mail.ru",
    "is_staff": false,
    "is_active": false,
    "date_joined": "2019-10-28T09:42:54.620Z",
    "groups": [],
    "user_permissions": []
  }
},
{
  "model": "auth.user",
  "pk": 9,
  "fields": {
    "password": "pbkdf2_sha256$150000$SFxwNF0ZY1hn$jpqMW6ZChYZmgMvlOPOGKlKw4gpln+vEBuQmxlY403g=",
    "last_login": "2019-10-28T10:03:35.440Z",
    "is_superuser": false,
    "username": "user7",
    "first_name": "",
    "last_name": "",
    "email": "user7@mail.ru",
    "is_staff": false,
    "is_active": true,
    "date_joined": "2019-10-28T09:43:39.489Z",
    "groups": [],
    "user_permissions": []
  }
},
{
  "model": "auth.user",
  "pk": 10,
  "fields": {
    "password": "pbkdf2_sha256$150000$HJLYpAa9bWcR$DyZ88orcXg8S+2T+U/YDHsF7PDM/nfzOCyvPk3RGcdI=",
    "last_login": null,
    "is_superuser": false,
    "username": "user8",
    "first_name": "",
    "last_name": "",
    "email": "user8@mail.ru",
    "is_staff": false,
    "is_active": false,
    "date_joined": "2019-10-28T10:05:51.731Z",
    "groups": [],
    "user_permissions": []
  }
}
]
